[
    {
        "messageId": "6708f978baf47",
        "username": "a",
        "userId": "1",
        "room": "1",
        "message": "w",
        "timestamp": "2024-10-11 12:10:00",
        "action": "sendMessage",
        "status": {
            "sent": [
                "1"
            ],
            "received": [],
            "seen": []
        }
    },
    {
        "messageId": "6708f9ac3c2b7",
        "username": "c",
        "userId": "3",
        "room": "1",
        "message": "rg",
        "timestamp": "2024-10-11 12:10:52",
        "action": "sendMessage",
        "status": {
            "sent": [
                "3"
            ],
            "received": [],
            "seen": []
        }
    },
    {
        "messageId": "6708fb46c794a",
        "username": "d",
        "userId": "4",
        "room": "1",
        "message": "dgcf\n",
        "timestamp": "2024-10-11 12:17:42",
        "action": "sendMessage",
        "status": {
            "sent": [
                "4"
            ],
            "received": [],
            "seen": []
        }
    },
    {
        "messageId": "6708fc4f8bb73",
        "username": "a",
        "userId": "1",
        "room": "1",
        "message": "561651",
        "timestamp": "2024-10-11 12:22:07",
        "action": "sendMessage",
        "status": {
            "sent": [
                "1"
            ],
            "received": [],
            "seen": []
        }
    },
    {
        "messageId": "6708fcc71c7a0",
        "username": "d",
        "userId": "4",
        "room": "1",
        "message": "hhhgf\njhhhn\n\n\njj",
        "timestamp": "2024-10-11 12:24:07",
        "action": "sendMessage",
        "status": {
            "sent": [
                "4"
            ],
            "received": [],
            "seen": []
        }
    },
    {
        "messageId": "6708fdbd7da58",
        "username": "e",
        "userId": "5",
        "room": "1",
        "message": "hhh\n",
        "timestamp": "2024-10-11 12:28:13",
        "action": "sendMessage",
        "status": {
            "sent": [
                "5"
            ],
            "received": [],
            "seen": []
        }
    }
]